{
  "accuracy": 0.6364468864468864,
  "classification_report": {
    "BUY": {
      "precision": 0.42735042735042733,
      "recall": 0.4784688995215311,
      "f1-score": 0.45146726862302483,
      "support": 209.0
    },
    "SELL": {
      "precision": 0.5257142857142857,
      "recall": 0.5054945054945055,
      "f1-score": 0.5154061624649859,
      "support": 182.0
    },
    "WATCH": {
      "precision": 0.7364568081991215,
      "recall": 0.717546362339515,
      "f1-score": 0.726878612716763,
      "support": 701.0
    },
    "accuracy": 0.6364468864468864,
    "macro avg": {
      "precision": 0.5631738404212782,
      "recall": 0.5671699224518506,
      "f1-score": 0.5645840146015912,
      "support": 1092.0
    },
    "weighted avg": {
      "precision": 0.6421725841243805,
      "recall": 0.6364468864468864,
      "f1-score": 0.6389216925140023,
      "support": 1092.0
    }
  },
  "confusion_matrix": [
    [
      100,
      8,
      101
    ],
    [
      11,
      92,
      79
    ],
    [
      123,
      75,
      503
    ]
  ],
  "class_distribution": {
    "WATCH": 701,
    "BUY": 209,
    "SELL": 182
  }
}