{
  "mse": 28277.826910967236,
  "rmse": 168.16012283227923
}